Datum und Uhrzeit,Gesamt Erzeugung,Gesamt Verbrauch,Eigenverbrauch,Energie ins Netz eingespeist,Energie vom Netz bezogen
01.01.2022,37769.679  ,60146.1156 ,40573.7314 ,8941.00   ,19573.00   
02.01.2022,42676.9461 ,61008.3161 ,41383.7862 , 336.00   ,19625.00   
03.01.2022,26980.6212 ,57827.1647 ,26514.6107 , 174.00   ,31313.00   
04.01.2022,23638.9627 ,75568.415  ,23281.415  , 110.00   ,52287.00   
05.01.2022,13616.9269 ,58681.9433 ,13563.9433 ,  35.00   ,45118.00   
06.01.2022,23987.79   ,54333.2258 ,22513.3505 ,1456.00   ,31820.00   
07.01.2022,4123.8119 ,87970.3311 ,4124.3311 ,   0.00   ,83846.00   
08.01.2022,5153.7556 ,84110.4753 ,5152.4753 ,   2.00   ,78958.00   
09.01.2022,16750.6311 ,72939.5867 ,16382.5867 ,  55.00   ,56557.00   
10.01.2022,15057.4345 ,85282.2492 ,14967.2492 ,  14.00   ,70315.00   
11.01.2022,17378.7575 ,107150.1136 ,17155.1136 ,   3.00   ,89995.00   
12.01.2022,39783.6011 ,92243.7147 ,39020.911  , 543.00   ,53223.00   
13.01.2022,48350.8589 ,73385.0358 ,44701.1883 ,1518.00   ,28684.00   
14.01.2022,58408.03   ,73166.8928 ,45798.1997 ,10873.00   ,27369.00   
15.01.2022,55798.6111 ,67611.0181 ,46801.3661 ,7556.00   ,20810.00   
16.01.2022,36048.6559 ,64018.3339 ,35323.6941 , 292.00   ,28695.00   
17.01.2022,11792.5014 ,108693.6147 ,11727.6147 ,  13.00   ,96966.00   
18.01.2022,23045.9886 ,123731.4531 ,23014.453  ,  20.00   ,100717.00   
19.01.2022,31375.3542 ,129196.7192 ,30857.7192 ,  71.00   ,98339.00   
20.01.2022,21332.2305 ,86053.9419 ,21208.9419 , 194.00   ,64845.00   
21.01.2022,3194.7283 ,111805.2919 ,3198.2919 ,   1.00   ,108607.00   
22.01.2022,12763.9656 ,90116.585  ,12736.585  ,  29.00   ,77380.00   
23.01.2022,18524.4914 ,99650.5922 ,18103.1914 ,  61.00   ,81559.00   
24.01.2022,58654.7633 ,99171.5844 ,56960.9059 ,1100.00   ,42211.00   
25.01.2022,24348.16   ,84948.5397 ,24318.5397 ,  17.00   ,60630.00   
26.01.2022,41643.9167 ,108381.9303 ,40058.1337 , 920.00   ,68324.00   
27.01.2022,71917.6664 ,93584.2919 ,65780.6896 ,4173.00   ,27804.00   
28.01.2022,25946.1495 ,91789.3228 ,25248.3228 , 901.00   ,66541.00   
29.01.2022,23721.1939 ,57004.3497 ,24818.3497 ,  51.00   ,32186.00   
30.01.2022,23238.8524 ,65216.533  ,19639.0767 , 118.1295 ,45592.9923 
31.01.2022,17558.8228 ,131329.8406 ,17549.8405 ,  15.00   ,113780.00   
01.02.2022,3563.8194 ,123893.7656 ,3106.0697 ,   0.00   ,120794.00   
02.02.2022,21429.4564 ,97451.8117 ,21361.8117 ,  78.00   ,76090.00   
03.02.2022,59890.2937 ,100758.3256 ,48377.139  ,9835.00   ,52382.00   
04.02.2022,62127.6256 ,96038.2467 ,59271.4891 ,1828.00   ,36767.00   
05.02.2022,76786.0291 ,78667.5303 ,59220.9144 ,15524.00   ,19447.00   
06.02.2022,76723.1103 ,75702.4169 ,55149.6801 ,21418.00   ,20553.00   
07.02.2022,22738.2234 ,91115.5689 ,22529.5689 ,  67.00   ,68586.00   
08.02.2022,38949.7539 ,89991.3364 ,38436.3364 , 557.00   ,51555.00   
09.02.2022,93302.5072 ,70527.1889 ,55569.3886 ,35577.00   ,14958.00   
10.02.2022,93373.7741 ,64754.8342 ,53730.8342 ,38069.00   ,11024.00   
11.02.2022,38133.8867 ,76196.7336 ,37433.2832 , 533.00   ,38764.00   
12.02.2022,99048.4439 ,88575.8608 ,76542.1063 ,21897.00   ,12034.00   
13.02.2022,100154.7928 ,70743.1978 ,60082.4211 ,39674.00   ,10661.00   
14.02.2022,102422.2733 ,82093.3136 ,61272.5296 ,39764.00   ,20821.00   
15.02.2022,17884.1408 ,88380.4214 ,17852.4213 ,  23.00   ,70528.00   
16.02.2022,96699.6617 ,79257.5719 ,61081.9686 ,33935.00   ,18176.00   
17.02.2022,46396.4808 ,73268.7975 ,44527.0339 ,1044.00   ,28742.00   
18.02.2022,67397.7653 ,64771.1675 ,52595.1675 ,13267.00   ,12176.00   
19.02.2022,78140.0086 ,81539.7261 ,69656.2729 ,8506.00   ,11884.00   
20.02.2022,94716.0256 ,68477.7513 ,58927.7513 ,29401.00   ,9550.00   
21.02.2022,60087.7886 ,71279.6867 ,59620.5516 ,5677.00   ,11660.00   
22.02.2022,45288.4558 ,66368.6181 ,39671.9114 ,4710.00   ,26697.00   
23.02.2022,83993.8114 ,70361.7792 ,52056.189  ,30939.00   ,18306.00   
24.02.2022,115197.6038 ,75778.0111 ,61122.3131 ,52919.00   ,14656.00   
25.02.2022,74291.9152 ,61450.0332 ,48971.0332 ,23696.00   ,12479.00   
26.02.2022,62204.4097 ,76776.685  ,58670.1956 ,3277.00   ,18107.00   
27.02.2022,91584.4539 ,64191.0389 ,51470.2277 ,39694.00   ,12721.00   
28.02.2022,87222.3211 ,112053.1797 ,74602.5316 ,11679.00   ,37451.00   
01.03.2022,138452.6516 ,96116.2444 ,52694.6256 ,84605.00   ,43422.00   
02.03.2022,135601.89   ,71499.8639 ,48479.2355 ,86033.00   ,23021.00   
03.03.2022,131784.5008 ,68434.5169 ,47243.7113 ,83675.00   ,21191.00   
04.03.2022,136604.4655 ,87388.2386 ,70044.4631 ,65442.00   ,17344.00   
05.03.2022,74468.2625 ,85895.8517 ,69670.2499 ,3803.00   ,16226.00   
06.03.2022,131934.1334 ,74487.9081 ,65149.1438 ,65718.00   ,9339.00   
07.03.2022,112089.6335 ,86910.8126 ,72133.8623 ,38996.00   ,14777.00   
08.03.2022,147482.545  ,78392.8579 ,64748.3468 ,82035.00   ,13645.00   
09.03.2022,143323.9228 ,77555.7622 ,62962.0735 ,79287.00   ,14594.00   
10.03.2022,156561.7697 ,89551.8164 ,75558.0469 ,79916.00   ,13994.00   
11.03.2022,163636.8939 ,89151.1792 ,73963.4102 ,88573.00   ,15188.00   
12.03.2022,164253.6027 ,69694.6866 ,59608.7063 ,101881.00   ,10086.00   
13.03.2022,164368.4139 ,53419.3298 ,46870.5303 ,116145.00   ,6549.00   
14.03.2022,127055.1309 ,73714.584  ,64950.8592 ,61953.00   ,8764.00   
15.03.2022,85534.6136 ,75599.8144 ,63866.449  ,22765.00   ,11734.00   
16.03.2022,70752.3286 ,86359.5153 ,69871.7783 , 406.00   ,16488.00   
17.03.2022,130780.351  ,78438.7484 ,71241.7484 ,58073.00   ,7197.00   
18.03.2022,134487.0513 ,61899.8222 ,54029.0882 ,77446.00   ,7871.00   
19.03.2022,169094.3601 ,74269.8169 ,69852.0895 ,97073.00   ,4418.00   
20.03.2022,166503.6937 ,78543.5163 ,75961.7623 ,90756.00   ,2582.00   
21.03.2022,181602.5951 ,73578.9421 ,67182.2189 ,114603.00   ,6397.00   
22.03.2022,184536.1267 ,60598.4319 ,52073.7619 ,129060.00   ,8525.00   
23.03.2022,184196.1876 ,49077.1204 ,43548.495  ,139396.00   ,5529.00   
24.03.2022,181914.8907 ,55893.0876 ,51909.2998 ,131766.00   ,3984.00   
25.03.2022,177384.2388 ,60273.5869 ,54897.8822 ,115545.00   ,5376.00   
26.03.2022,181174.6269 ,45463.915  ,45395.915  ,139512.00   ,  68.00   
27.03.2022,183562.4017 ,51262.6344 ,48212.8944 ,133053.00   ,3050.00   
28.03.2022,183084.7034 ,58604.8135 ,54552.0096 ,130774.00   ,4053.00   
29.03.2022,148512.321  ,66028.8011 ,59550.1801 ,83585.00   ,6479.00   
30.03.2022,103101.9073 ,56202.2931 ,54744.3414 ,45954.00   ,1458.00   
31.03.2022,58826.3478 ,58948.1648 ,57120.1647 ,4924.00   ,1828.00   
01.04.2022,66551.3589 ,99129.9319 ,70982.3093 , 191.00   ,28148.00   
02.04.2022,26082.9936 ,72697.5158 ,25890.5158 , 119.00   ,46807.00   
03.04.2022,30790.8994 ,62969.9153 ,29965.9152 , 689.00   ,33004.00   
04.04.2022,141181.1576 ,74364.7274 ,62340.7274 ,76407.00   ,12024.00   
05.04.2022,91622.6353 ,90241.6719 ,66146.5037 ,23622.00   ,24096.00   
06.04.2022,181693.7479 ,93926.5648 ,75000.8637 ,99064.00   ,18926.00   
07.04.2022,176619.3011 ,67986.9488 ,66099.9487 ,110041.00   ,1887.00   
08.04.2022,98444.1072 ,64093.579  ,58688.579  ,42390.00   ,5405.00   
09.04.2022,98880.7757 ,64344.3619 ,58873.566  ,38077.00   ,5471.00   
10.04.2022,129091.8552 ,65825.918  ,64060.4857 ,62170.00   ,1766.00   
11.04.2022,227338.0303 ,63661.0525 ,60468.4724 ,166257.00   ,3193.00   
12.04.2022,216806.1172 ,82346.221  ,79604.221  ,136319.00   ,2742.00   
13.04.2022,212918.878  ,64281.7364 ,64098.7364 ,143099.00   , 183.00   
14.04.2022,212734.9792 ,57031.7222 ,56963.7222 ,155595.00   ,  68.00   
15.04.2022,126248.6961 ,37955.355  ,37725.372  ,86773.00   , 230.00   
16.04.2022,33516.4302 ,64401.54   ,44695.54   , 221.00   ,19706.00   
17.04.2022,177906.807  ,45248.0173 ,39249.0173 ,131528.00   ,5999.00   
18.04.2022,183536.0354 ,72944.8502 ,69663.8501 ,112311.00   ,3281.00   
19.04.2022,53964.5428 ,64335.4647 ,59295.7082 ,1215.00   ,5040.00   
20.04.2022,218281.0312 ,69508.4248 ,44134.4248 ,163044.00   ,25374.00   
21.04.2022,232078.6276 ,70817.5233 ,70728.5234 ,164588.00   ,  89.00   
22.04.2022,95387.7877 ,77277.9413 ,77136.9413 ,23364.00   , 141.00   
23.04.2022,125512.7182 ,61402.4431 ,55563.7948 ,64239.00   ,5839.00   
24.04.2022,148213.4303 ,46917.0596 ,45901.0596 ,96912.00   ,1016.00   
25.04.2022,123510.3689 ,42991.0259 ,42849.026  ,78298.00   , 142.00   
26.04.2022,136143.0727 ,68000.1133 ,57743.625  ,90402.00   ,10257.00   
27.04.2022,91654.4891 ,77101.1078 ,50081.3849 ,40541.00   ,27020.00   
28.04.2022,205683.0741 ,63384.7676 ,53183.7676 ,146080.00   ,10201.00   
29.04.2022,240422.7718 ,41382.2395 ,40071.2395 ,195108.00   ,1311.00   
30.04.2022,218394.9009 ,46946.6576 ,46842.6576 ,172991.00   , 104.00   
01.05.2022,106320.3506 ,51329.1757 ,51159.1757 ,50794.00   , 170.00   
02.05.2022,180537.6008 ,61234.1186 ,61083.1186 ,120362.00   , 151.00   
03.05.2022,246779.4413 ,47239.6394 ,47151.6394 ,200181.00   ,  88.00   
04.05.2022,208435.5887 ,42700.8766 ,42643.8765 ,164564.00   ,  57.00   
05.05.2022,198380.5251 ,37079.5086 ,37009.5086 ,154338.00   ,  70.00   
06.05.2022,93205.0761 ,48465.6479 ,48419.6479 ,49773.00   ,  46.00   
07.05.2022,85318.5958 ,72364.458  ,72271.458  ,15012.00   ,  93.00   
08.05.2022,133998.7212 ,33885.5597 ,33845.5597 ,94445.00   ,  40.00   
09.05.2022,236016.268  ,30672.2432 ,30604.2432 ,202363.00   ,  68.00   
10.05.2022,255992.2614 ,35587.9068 ,35541.9068 ,219614.00   ,  46.00   
11.05.2022,245901.7642 ,30647.8139 ,30586.8139 ,215502.00   ,  61.00   
12.05.2022,222385.6803 ,48637.3445 ,48574.3445 ,173044.00   ,  63.00   
13.05.2022,121455.0286 ,26797.7129 ,26784.7129 ,93593.00   ,  13.00   
14.05.2022,260040.9533 ,46548.2937 ,46497.2937 ,214972.00   ,  51.00   
15.05.2022,264770.0223 ,37558.0916 ,37545.0917 ,225095.00   ,  13.00   
16.05.2022,178444.7557 ,38474.5469 ,38380.5469 ,144546.00   ,  94.00   
17.05.2022,164445.6152 ,41151.4167 ,41046.4167 ,118556.00   , 105.00   
18.05.2022,269664.2722 ,46346.7107 ,46280.7107 ,224836.00   ,  66.00   
19.05.2022,263867.0612 ,38186.8955 ,38156.8955 ,226516.00   ,  30.00   
20.05.2022,255124.9786 ,46727.4243 ,46716.4244 ,203624.00   ,  11.00   
21.05.2022,241713.9876 ,41274.2941 ,41063.2941 ,202724.00   , 211.00   
22.05.2022,270770.94   ,31820.3882 ,31742.3882 ,237904.00   ,  78.00   
23.05.2022,182627.5545 ,30631.0523 ,30542.0523 ,155107.00   ,  89.00   
24.05.2022,98110.6136 ,47642.4002 ,47502.4002 ,46259.00   , 140.00   
25.05.2022,96885.3138 ,50645.7174 ,48625.7174 ,47680.00   ,2020.00   
26.05.2022,214613.9558 ,58955.229  ,58748.2289 ,154369.00   , 207.00   
27.05.2022,242514.2564 ,25382.723  ,25360.723  ,216696.00   ,  22.00   
28.05.2022,171545.208  ,44792.3611 ,44762.3611 ,126167.00   ,  30.00   
29.05.2022,108700.4441 ,24344.5297 ,24291.5297 ,87913.00   ,  53.00   
30.05.2022,216956.4167 ,42133.9756 ,42080.9756 ,174879.00   ,  53.00   
31.05.2022,263038.6744 ,27453.5771 ,27428.577  ,231728.00   ,  25.00   
01.06.2022,235591.4608 ,53553.096  ,53384.096  ,185024.00   , 169.00   
02.06.2022,237630.0161 ,60347.8977 ,60226.8977 ,172665.00   , 121.00   
03.06.2022,240741.8783 ,37814.9455 ,37793.9454 ,202602.00   ,  21.00   
04.06.2022,268067.1145 ,67486.9034 ,67398.9034 ,199829.00   ,  88.00   
05.06.2022,221574.4932 ,37580.6576 ,37569.6576 ,185828.00   ,  11.00   
06.06.2022,252471.7105 ,41626.7099 ,41537.7099 ,209575.00   ,  89.00   
07.06.2022,75262.4942 ,32284.4643 ,32106.4644 ,41336.00   , 178.00   
08.06.2022,169281.8629 ,48332.4501 ,46621.836  ,122115.00   ,1711.00   
09.06.2022,73177.3484 ,37413.3222 ,37320.3222 ,35489.00   ,  93.00   
10.06.2022,150846.5122 ,38069.5148 ,38043.5148 ,112757.00   ,  26.00   
11.06.2022,241851.6375 ,44282.3734 ,44258.3734 ,196536.00   ,  24.00   
12.06.2022,274451.3728 ,32606.9591 ,32572.9591 ,241518.00   ,  34.00   
13.06.2022,199161.5292 ,38180.0936 ,38129.0936 ,162609.00   ,  51.00   
14.06.2022,271214.9206 ,58621.1381 ,58435.1381 ,211363.00   , 186.00   
15.06.2022,279689.6861 ,53943.1212 ,53942.1212 ,224048.00   ,   1.00   
16.06.2022,202730.8712 ,34436.3293 ,34339.3293 ,170563.00   ,  97.00   
17.06.2022,256410.4181 ,41169.9917 ,41083.0503 ,213717.00   ,  87.00   
18.06.2022,271654.0675 ,34504.9716 ,34459.9716 ,234442.00   ,  45.00   
19.06.2022,271824.4689 ,26532.7351 ,26524.7351 ,244585.00   ,   8.00   
20.06.2022,160334.9423 ,32276.6986 ,32188.6986 ,128018.00   ,  88.00   
21.06.2022,221588.8608 ,66477.7612 ,66268.7612 ,155499.00   , 209.00   
22.06.2022,148105.8689 ,33687.8975 ,33646.8975 ,113946.00   ,  41.00   
23.06.2022,215326.1374 ,28759.7658 ,28718.7657 ,187005.00   ,  41.00   
24.06.2022,181066.0125 ,31215.2739 ,31179.2739 ,146737.00   ,  36.00   
25.06.2022,162922.6796 ,10420.4728 ,10420.4727 ,152101.00   ,   0.00   
26.06.2022,277399.6111 ,13338.7745 ,13330.7744 ,264644.00   ,   8.00   
27.06.2022,262324.6155 ,47037.9034 ,47013.9034 ,214897.00   ,  24.00   
28.06.2022,130153.3414 ,28864.7018 ,28849.7018 ,102979.00   ,  15.00   
29.06.2022,74907.6042 ,26441.9162 ,26210.9162 ,50666.00   , 231.00   
30.06.2022,256822.2556 ,48004.3089 ,47991.3089 ,205142.00   ,  13.00   
01.07.2022,147246.4178 ,24718.8867 ,24612.8867 ,121237.00   , 106.00   
02.07.2022,282905.9008 ,37567.202  ,37538.202  ,246526.00   ,  29.00   
03.07.2022,259255.0489 ,30832.1204 ,30805.1204 ,225939.00   ,  27.00   
04.07.2022,168548.2767 ,33982.3028 ,33943.3028 ,133692.00   ,  39.00   
05.07.2022,163524.2297 ,26883.9098 ,26867.9099 ,135600.00   ,  16.00   
06.07.2022,208539.1942 ,31285.358  ,31252.3579 ,176587.00   ,  33.00   
07.07.2022,119136.945  ,27690.9834 ,27649.9834 ,92594.00   ,  41.00   
08.07.2022,163718.4317 ,26060.2393 ,26008.2393 ,135663.00   ,  52.00   
09.07.2022,188434.1259 ,30929.4953 ,30903.4953 ,160628.00   ,  26.00   
10.07.2022,165682.1656 ,34023.4586 ,33900.4586 ,130142.00   , 123.00   
11.07.2022,158143.609  ,37688.6736 ,37559.6736 ,118628.00   , 129.00   
12.07.2022,153116.1892 ,22042.3082 ,22014.3082 ,129750.00   ,  28.00   
13.07.2022,242460.8775 ,34278.3067 ,34258.3067 ,212803.00   ,  20.00   
14.07.2022,259337.3033 ,34712.3249 ,34660.3249 ,219927.00   ,  52.00   
15.07.2022,186661.9255 ,48879.2666 ,48757.2665 ,137322.00   , 122.00   
16.07.2022,251193.6144 ,54261.1536 ,53973.1536 ,195895.00   , 288.00   
17.07.2022,267596.1028 ,28376.4247 ,28369.4247 ,239647.00   ,   7.00   
18.07.2022,257329.6509 ,32093.9022 ,32064.9022 ,223843.00   ,  29.00   
19.07.2022,261999.8911 ,26671.9669 ,26671.9669 ,234389.00   ,   0.00   
20.07.2022,252954.1488 ,21919.9577 ,21911.9577 ,230811.00   ,   8.00   
21.07.2022,206007.3456 ,36276.1719 ,36156.1816 ,172095.00   , 120.00   
22.07.2022,244980.0463 ,28873.1991 ,28714.199  ,215198.00   , 159.00   
23.07.2022,187765.7525 ,35048.29   ,35024.2899 ,150907.00   ,  24.00   
24.07.2022,245150.5195 ,25726.0012 ,25686.0012 ,218601.00   ,  40.00   
25.07.2022,249886.9266 ,26232.406  ,26204.406  ,222927.00   ,  28.00   
26.07.2022,140030.4895 ,43079.7924 ,43045.7924 ,98051.00   ,  34.00   
27.07.2022,172141.5991 ,35240.3871 ,35184.3872 ,136255.00   ,  56.00   
28.07.2022,251129.2208 ,31925.4076 ,31879.4076 ,217863.00   ,  46.00   
29.07.2022,203243.1347 ,26634.762  ,26598.7621 ,176027.00   ,  36.00   
30.07.2022,146307.8142 ,51933.2957 ,51862.2957 ,94535.00   ,  71.00   
31.07.2022,186131.8292 ,31710.893  ,31684.8931 ,155287.00   ,  26.00   
01.08.2022,190968.0008 ,43008.8828 ,42904.8828 ,148957.00   , 104.00   
02.08.2022,202076.8334 ,21072.9991 ,21046.9992 ,177490.00   ,  26.00   
03.08.2022,246401.5858 ,25208.552  ,25182.552  ,220575.00   ,  26.00   
04.08.2022,241446.3858 ,36234.5629 ,36223.5629 ,204969.00   ,  11.00   
05.08.2022,211090.3911 ,36997.9025 ,36985.9025 ,173760.00   ,  12.00   
06.08.2022,69930.9059 ,45815.8641 ,45750.8642 ,25956.00   ,  65.00   
07.08.2022,108983.3472 ,26650.5747 ,26630.5747 ,79743.00   ,  20.00   
08.08.2022,161081.8442 ,43964.5545 ,43921.5545 ,117841.00   ,  43.00   
09.08.2022,245290.2883 ,27434.1421 ,27404.1421 ,217074.00   ,  30.00   
10.08.2022,236852.8333 ,31113.8322 ,31094.8321 ,203994.00   ,  19.00   
11.08.2022,241931.4956 ,26220.0191 ,26201.0191 ,215376.00   ,  19.00   
12.08.2022,183032.0006 ,22470.5065 ,22437.5065 ,160486.00   ,  33.00   
13.08.2022,199670.7842 ,27171.3111 ,27140.3111 ,170849.00   ,  31.00   
14.08.2022,212631.2689 ,10783.2074 ,10768.2074 ,201656.00   ,  15.00   
15.08.2022,201496.6809 ,10644.3837 ,10628.3838 ,190631.00   ,  16.00   
16.08.2022,214700.2836 ,27219.5598 ,27188.5599 ,187615.00   ,  31.00   
17.08.2022,212979.1683 ,39689.8879 ,39659.8879 ,173307.00   ,  30.00   
18.08.2022,166841.9494 ,20381.7559 ,20346.7559 ,146418.00   ,  35.00   
19.08.2022,111051.6339 ,28491.5232 ,28470.5232 ,81974.00   ,  21.00   
20.08.2022,47258.8521 ,43876.4548 ,43742.4547 ,5958.00   , 134.00   
21.08.2022,60864.1636 ,28519.727  ,28442.7269 ,29490.00   ,  77.00   
22.08.2022,77194.4039 ,29141.4929 ,29078.4929 ,49328.00   ,  63.00   
23.08.2022,66991.4994 ,21202.7815 ,21160.7815 ,44142.00   ,  42.00   
24.08.2022,190515.3702 ,28820.725  ,28739.725  ,163101.00   ,  81.00   
25.08.2022,182922.1672 ,46161.2639 ,46060.2639 ,136552.00   , 101.00   
26.08.2022,177092.9519 ,14936.057  ,14916.057  ,158714.00   ,  20.00   
27.08.2022,136983.977  ,10700.5631 ,10685.5631 ,125923.00   ,  15.00   
28.08.2022,80710.3203 ,11629.7964 ,11604.7965 ,69412.00   ,  25.00   
29.08.2022,187161.175  ,35508.5342 ,35410.5342 ,154344.00   ,  98.00   
30.08.2022,203075.2636 ,25207.394  ,25173.394  ,174904.00   ,  34.00   
31.08.2022,36703.3963 ,23649.1454 ,23605.1453 ,15471.00   ,  44.00   
01.09.2022,138141.6867 ,23872.8953 ,23823.8954 ,112193.00   ,  49.00   
02.09.2022,209767.4286 ,32202.8215 ,32163.8215 ,176921.00   ,  39.00   
03.09.2022,182236.6017 ,50549.401  ,50507.401  ,133368.00   ,  42.00   
04.09.2022,163132.464  ,31058.4237 ,30929.4237 ,130514.00   , 129.00   
05.09.2022,185012.4869 ,26308.5326 ,26262.5326 ,158137.00   ,  46.00   
06.09.2022,158738.6195 ,22112.7759 ,22075.7759 ,135062.00   ,  37.00   
07.09.2022,159665.879  ,24448.015  ,24399.015  ,137219.00   ,  49.00   
08.09.2022,56814.9395 ,30684.4115 ,30585.4116 ,26054.00   ,  99.00   
09.09.2022,48080.2533 ,19423.5953 ,19356.5953 ,27075.00   ,  67.00   
10.09.2022,119310.4994 ,41219.7803 ,41078.7802 ,77648.00   , 141.00   
11.09.2022,76805.5297 ,24676.4654 ,24616.4653 ,53279.00   ,  60.00   
12.09.2022,157369.3037 ,34976.4946 ,34891.4946 ,118794.00   ,  85.00   
13.09.2022,154151.8441 ,35614.5382 ,35412.5381 ,124759.00   , 202.00   
14.09.2022,102565.0223 ,38953.8143 ,38821.8143 ,59827.00   , 132.00   
15.09.2022,63438.8454 ,32751.7607 ,32663.7608 ,28089.00   ,  88.00   
16.09.2022,65509.8405 ,57779.5419 ,57647.5418 ,18038.00   , 132.00   
17.09.2022,58729.5973 ,50448.7305 ,47106.0955 ,2950.00   ,3343.00   
18.09.2022,72046.8523 ,44968.4326 ,44848.4327 ,31340.00   , 120.00   
19.09.2022,76645.3725 ,50705.8393 ,49987.8393 ,25165.00   , 718.00   
20.09.2022,90646.243  ,59086.918  ,53055.1846 ,38001.00   ,6032.00   
21.09.2022,97793.416  ,41443.5679 ,41303.5679 ,52213.00   , 140.00   
22.09.2022,150980.627  ,49815.5083 ,49729.5083 ,103421.00   ,  86.00   
23.09.2022,165082.1475 ,50447.8291 ,50398.8291 ,110854.00   ,  49.00   
24.09.2022,103013.1547 ,43830.7209 ,40933.9625 ,61346.00   ,2897.00   
25.09.2022,75653.9244 ,40542.387  ,40424.387  ,39230.00   , 118.00   
26.09.2022,100840.6302 ,44246.0399 ,40092.0399 ,52154.00   ,4154.00   
27.09.2022,78216.9921 ,36260.7224 ,36106.7224 ,43856.0856 , 154.1831 
28.09.2022,105288.7154 ,42355.5596 ,42263.5596 ,70749.00   ,  92.00   
29.09.2022,96322.2095 ,49625.9615 ,46826.2686 ,48908.00   ,2800.00   
30.09.2022,79362.602  ,41263.5429 ,29324.7673 ,39997.00   ,11939.00   
01.10.2022,70698.2241 ,33616.8738 ,33493.8738 ,38727.00   , 123.00   
02.10.2022,28557.7697 ,46531.8153 ,38945.8152 , 313.00   ,7586.00   
03.10.2022,77428.2798 ,43857.922  ,39254.922  ,28842.00   ,4603.00   
04.10.2022,134605.5876 ,37238.6252 ,37133.6252 ,94891.00   , 105.00   
05.10.2022,112418.4039 ,24754.3472 ,24666.3866 ,86896.00   ,  88.00   
06.10.2022,126743.3086 ,27915.9323 ,27842.9323 ,92534.00   ,  73.00   
07.10.2022,42954.0842 ,32649.2928 ,32549.2928 ,11087.00   , 100.00   
08.10.2022,82445.8514 ,40790.8697 ,40562.8697 ,50746.00   , 228.00   
09.10.2022,118004.9217 ,21425.4869 ,21362.4869 ,88351.00   ,  63.00   
10.10.2022,125446.1802 ,45180.0319 ,45108.0319 ,79535.00   ,  72.00   
11.10.2022,56490.6484 ,49147.6855 ,43728.0201 ,17872.00   ,5420.00   
12.10.2022,57101.9327 ,36395.8487 ,33900.1336 ,22933.00   ,2496.00   
13.10.2022,73127.1498 ,51837.7424 ,48658.0266 ,20470.00   ,3180.00   
14.10.2022,87434.9943 ,38737.5947 ,38662.5947 ,45331.00   ,  75.00   
15.10.2022,53002.8211 ,30171.5469 ,30099.5469 ,26162.00   ,  72.00   
16.10.2022,110723.5749 ,20336.1073 ,20272.1073 ,85277.00   ,  64.00   
17.10.2022,60098.7344 ,45784.3337 ,45614.3337 ,18640.00   , 170.00   
18.10.2022,102084.1051 ,38290.8888 ,33944.2983 ,65036.00   ,4347.00   
19.10.2022,46856.4575 ,43472.771  ,43132.771  ,3702.00   , 340.00   
20.10.2022,99116.7111 ,43706.2199 ,41529.4699 ,54974.00   ,2177.00   
21.10.2022,51232.8067 ,32946.6766 ,32737.6766 ,18554.00   , 209.00   
22.10.2022,33619.7727 ,36302.8354 ,36143.8354 , 208.00   , 159.00   
23.10.2022,92565.9003 ,22837.3895 ,22790.3895 ,69568.00   ,  47.00   
24.10.2022,45665.6688 ,39405.3697 ,39206.4916 ,4344.00   , 199.00   
25.10.2022,80049.065  ,25191.779  ,22832.1021 ,50618.00   ,2360.00   
26.10.2022,46011.8336 ,39706.8546 ,39556.8546 ,12160.00   , 150.00   
27.10.2022,91161.8692 ,31849.7203 ,31794.7204 ,55679.00   ,  55.00   
28.10.2022,86120.0298 ,55106.2543 ,54899.2543 ,34268.00   , 207.00   
29.10.2022,68034.7252 ,52030.2333 ,51900.2333 ,14836.00   , 130.00   
30.10.2022,81467.2965 ,56674.4563 ,54876.8252 ,22575.00   ,1798.00   
31.10.2022,79072.0553 ,43266.0081 ,43171.0327 ,33401.00   ,  95.00   
01.11.2022,57251.8008 ,30115.5307 ,30006.5308 ,33910.00   , 109.00   
02.11.2022,50731.3244 ,19369.5466 ,19318.9386 ,23821.00   ,  51.00   
03.11.2022,71372.0285 ,51495.5017 ,51360.5016 ,25203.00   , 135.00   
04.11.2022,10771.1025 ,44898.5803 ,18757.7977 ,  72.00   ,26141.00   
05.11.2022,30925.254  ,50833.5606 ,31615.4498 , 219.00   ,19788.00   
06.11.2022,62799.5255 ,40220.45   ,34930.45   ,19234.00   ,5290.00   
07.11.2022,67032.5458 ,46736.2056 ,46503.2598 ,19677.00   , 233.00   
08.11.2022,74036.2388 ,55254.0205 ,52034.2578 ,24041.00   ,3220.00   
09.11.2022,28558.0014 ,53688.5708 ,32283.0756 , 208.00   ,21406.00   
10.11.2022,28514.0387 ,53587.1025 ,27355.4213 , 701.00   ,26232.00   
11.11.2022,44860.4422 ,42593.5543 ,30400.5543 ,7779.00   ,12193.00   
12.11.2022,65224.5558 ,67229.4333 ,59165.6701 ,5412.00   ,8064.00   
13.11.2022,71270.8755 ,61326.1239 ,60940.1239 ,11925.00   , 386.00   
14.11.2022,66741.0836 ,51764.1056 ,47148.3133 ,19817.00   ,4616.00   
15.11.2022,29150.465  ,52580.7542 ,31831.3043 , 217.00   ,20750.00   
16.11.2022,17432.6739 ,58066.8367 ,17055.8367 ,  91.00   ,41011.00   
17.11.2022,32417.063  ,57038.9489 ,30624.2532 ,1187.00   ,26415.00   
18.11.2022,18718.7047 ,83025.9731 ,17960.9562 ,  46.00   ,65093.00   
19.11.2022,24008.6103 ,43437.4772 ,23265.6669 , 150.00   ,21312.00   
20.11.2022,40367.495  ,66041.1647 ,39236.1648 ,1916.00   ,26805.00   
21.11.2022,32058.6906 ,90707.4933 ,32776.4011 , 525.00   ,59554.00   
22.11.2022,15422.8467 ,68127.1033 ,15022.587  ,  35.00   ,54442.00   
23.11.2022,17429.8859 ,77134.6114 ,18344.5128 ,  53.00   ,59694.00   
24.11.2022,27511.5214 ,86929.2217 ,28179.1352 , 207.00   ,59301.00   
25.11.2022,52716.835  ,58174.715  ,46503.57   ,5389.00   ,12753.00   
26.11.2022,17682.305  ,67697.5842 ,17341.5841 , 102.00   ,50356.00   
27.11.2022,29048.1697 ,76825.57   ,27756.57   , 659.00   ,49069.00   
28.11.2022,31488.0939 ,70211.4475 ,31064.4475 ,  53.00   ,39147.00   
29.11.2022,19096.5642 ,54569.6564 ,19052.6564 ,  37.00   ,35517.00   
30.11.2022,20145.9953 ,74056.8033 ,20120.8033 ,  21.00   ,53936.00   
01.12.2022,23670.6278 ,64531.4519 ,23998.1813 ,  63.00   ,41217.00   
02.12.2022,16502.205  ,84258.4231 ,16131.2422 ,  30.00   ,69464.00   
03.12.2022,12760.3222 ,61330.8283 ,13589.8283 ,  32.00   ,47741.00   
04.12.2022,20765.7664 ,54729.76   ,20767.5748 , 166.00   ,34513.00   
05.12.2022,9465.2986 ,82890.5242 ,9092.0628 ,  12.00   ,75127.00   
06.12.2022,25543.6872 ,84143.8083 ,26729.1953 , 197.00   ,57964.00   
07.12.2022,22570.0518 ,66881.3211 ,23628.8391 ,  81.00   ,44947.00   
08.12.2022,51401.3456 ,66402.5103 ,46819.7399 ,2650.00   ,19583.00   
09.12.2022,20565.8403 ,79711.4531 ,20148.4531 ,  50.00   ,59563.00   
10.12.2022,1164.6342 ,85633.03   ,1190.03   ,   0.00   ,84443.00   
11.12.2022,  80.9583 ,86378.9583 ,  80.9583 ,   0.00   ,86298.00   
12.12.2022, 208.3028 ,69077.4511 , 207.9175 ,   0.00   ,69188.00   
13.12.2022, 272.6948 ,79912.6706 , 275.6706 ,   0.00   ,79637.00   
14.12.2022, 247.3633 ,80605.8972 , 248.1125 ,   0.00   ,80662.00   
15.12.2022, 551.8009 ,103762.8128 , 559.4448 ,   0.00   ,104219.00   
16.12.2022,5445.0792 ,75853.2697 ,5453.1717 ,   4.00   ,70644.00   
17.12.2022, 747.9864 ,74687.2014 , 742.6861 ,   0.00   ,74393.00   
18.12.2022,1660.3889 ,68991.4669 ,1683.467  ,   0.00   ,67308.00   
19.12.2022,2344.7491 ,87067.275  ,2362.1633 ,   0.00   ,85155.00   
20.12.2022,1584.3333 ,85992.3367 ,1598.3366 ,   0.00   ,84394.00   
21.12.2022,1169.1858 ,80207.2992 ,1006.1768 ,   0.00   ,79480.00   
22.12.2022,6831.0541 ,66993.2575 ,6498.2575 ,  21.00   ,60495.00   
23.12.2022,17339.3961 ,56782.9425 ,16749.0707 , 129.00   ,40034.00   
24.12.2022,15804.9184 ,49158.3408 ,15513.5254 ,  75.00   ,33645.00   
25.12.2022,35604.409  ,42675.151  ,32953.151  , 187.00   ,9722.00   
26.12.2022,37894.2058 ,58318.7047 ,34932.2412 ,2443.00   ,23387.00   
27.12.2022,44065.0906 ,59681.6583 ,40214.8783 ,2460.00   ,19467.00   
28.12.2022,43782.878  ,61433.6819 ,39603.682  ,1934.00   ,21830.00   
29.12.2022,43192.7306 ,78156.1836 ,45238.9992 , 471.00   ,33453.00   
30.12.2022,44394.1292 ,57627.9932 ,41802.6015 ,1459.00   ,17167.00   
31.12.2022,29151.9087 ,61072.3431 ,30270.9304 , 280.00   ,31380.00   
