time,station,nebel,gewitter,glatteis,niederschlag_24h_summe,niederschlagsart_24h,gesamtschneehoehe,schneeart,neuschneehoehe,sonnenscheindauer,sichtweite,tlmax,tlmin,windgeschw_mittel,substation
2022-01-01T00:00+00:00,204,0,0,0,-0.1,0,,0,-1,2.3,15000,12.7,7.8,4.5,5012
2022-01-02T00:00+00:00,204,1,0,0,-0.1,0,,0,-1,3.1,100,8.5,-0.3,1,5012
2022-01-03T00:00+00:00,204,0,0,0,1.3,1,,0,-1,0,10000,12,0.5,6.7,5012
2022-01-04T00:00+00:00,204,0,0,0,3.3,1,,0,-1,0,2200,10.3,6.8,3.2,5012
2022-01-05T00:00+00:00,204,0,0,0,4.9,5,,0,-1,0,5000,13,1.9,5.9,5012
2022-01-06T00:00+00:00,204,0,0,0,1.8,5,,0,-1,0.7,4000,2.8,0.4,6.7,5012
2022-01-07T00:00+00:00,204,1,0,0,0.6,2,,2,0,0.7,100,0.8,-3.3,1.5,5012
2022-01-08T00:00+00:00,204,1,0,0,0,2,,3,1,1.1,1000,2.3,-4.2,4.5,5012
2022-01-09T00:00+00:00,204,0,0,0,0.5,5,,2,0,0.3,20000,3.6,-2.6,3.8,5012
2022-01-10T00:00+00:00,204,0,0,0,2.3,5,,0,-1,0,10000,2.9,1,4.5,5012
2022-01-11T00:00+00:00,204,0,0,0,-0.1,0,,0,-1,0.8,5000,1.9,-0.9,1,5012
2022-01-12T00:00+00:00,204,0,0,0,-0.1,0,,0,-1,1.3,6000,-0.4,-5,1.5,5012
2022-01-13T00:00+00:00,204,0,0,0,-0.1,0,,0,-1,3.6,5000,0.6,-4.1,2.1,5012
2022-01-14T00:00+00:00,204,0,0,0,-0.1,0,,0,-1,7.3,5000,4,-3.4,2.6,5012
2022-01-15T00:00+00:00,204,0,0,0,-0.1,0,,0,-1,7.8,1500,3.5,-2.2,2.1,5012
2022-01-16T00:00+00:00,204,1,0,0,0,5,,0,-1,3.3,500,2,-2,2.1,5012
2022-01-17T00:00+00:00,204,0,0,0,0.8,1,,0,-1,0,6000,5.1,1.2,8.4,5012
2022-01-18T00:00+00:00,204,0,0,0,0,1,,0,-1,0,10000,4.1,1.9,2.6,5012
2022-01-19T00:00+00:00,204,1,0,0,0.5,5,,0,-1,0,4500,2,-3.3,1.5,5012
2022-01-20T00:00+00:00,204,0,0,0,2.4,2,,0,-1,0.1,800,4,-2.6,7.5,5012
2022-01-21T00:00+00:00,204,0,0,0,1,2,,3,2,3.7,6000,1,-3.5,6.7,5012
2022-01-22T00:00+00:00,204,0,0,0,3,5,,3,5,0,2500,1.7,-1,8.4,5012
2022-01-23T00:00+00:00,204,0,0,0,0.1,1,,2,-1,0,2000,3.2,1.1,5.2,5012
2022-01-24T00:00+00:00,204,1,0,0,-0.1,0,,0,-1,2.1,2500,5.2,1.4,1.5,5012
2022-01-25T00:00+00:00,204,1,0,0,-0.1,0,,0,-1,0,100,1.6,-2.1,2.6,5012
2022-01-26T00:00+00:00,204,0,0,0,-0.1,0,,0,-1,0.7,1500,2.6,-1,2.1,5012
2022-01-27T00:00+00:00,204,0,0,0,6.7,1,,0,-1,7.6,5000,6.7,-0.8,4.5,5012
2022-01-28T00:00+00:00,204,0,0,0,0.4,5,,0,-1,0.6,10000,4,0.3,8.4,5012
2022-01-29T00:00+00:00,204,0,0,0,0.5,1,,0,-1,0,10000,6.6,1.5,7.5,5012
2022-01-30T00:00+00:00,204,0,0,0,1.5,10,,0,-1,1,2000,7.6,3.6,8.4,5012
2022-01-31T00:00+00:00,204,0,0,0,7.3,5,,0,-1,0,10000,4,1.6,5.9,5012
2022-02-01T00:00+00:00,204,0,0,0,4.4,5,,2,1,0,4100,2.3,0.5,6.7,5012
2022-02-02T00:00+00:00,204,0,0,0,4.9,1,,0,-1,0.7,15000,5.6,1,5.9,5012
2022-02-03T00:00+00:00,204,0,0,0,-0.1,0,,0,-1,2.1,15000,8.8,2.6,3.2,5012
2022-02-04T00:00+00:00,204,0,0,0,0.4,1,,0,-1,2.6,45000,8.7,0.7,5.9,5012
2022-02-05T00:00+00:00,204,0,0,0,-0.1,0,,0,-1,4.5,20000,7.8,2.4,5.2,5012
2022-02-06T00:00+00:00,204,0,0,0,10.7,1,,0,-1,5.4,45000,8.7,1.1,5.9,5012
2022-02-07T00:00+00:00,204,0,0,0,2.8,5,,0,-1,0.1,10000,7.4,0.8,8.4,5012
2022-02-08T00:00+00:00,204,0,0,0,0,1,,0,-1,0,40000,7.3,1.7,5.9,5012
2022-02-09T00:00+00:00,204,0,0,0,-0.1,0,,0,-1,9.4,60000,11.2,2.4,2.6,5012
2022-02-10T00:00+00:00,204,0,0,0,0.2,1,,0,-1,8.9,60000,10.5,-1.4,1.5,5012
2022-02-11T00:00+00:00,204,0,0,0,4.7,1,,0,-1,0.8,20000,7,3.3,6.7,5012
2022-02-12T00:00+00:00,204,0,0,0,-0.1,0,,0,-1,9.2,12000,6.8,-0.2,4.5,5012
2022-02-13T00:00+00:00,204,0,0,0,-0.1,0,,0,-1,9.7,50000,8,-3.6,2.6,5012
2022-02-14T00:00+00:00,204,0,0,0,-0.1,0,,0,-1,9.7,45000,7.4,-4.2,2.1,5012
2022-02-15T00:00+00:00,204,0,0,0,6.7,1,,0,-1,0,25000,3.7,-0.2,3.2,5012
2022-02-16T00:00+00:00,204,0,0,0,3.1,1,,0,-1,5.8,60000,10.8,0.5,3.2,5012
2022-02-17T00:00+00:00,204,0,0,0,2.4,1,,0,-1,2.9,40000,15.4,7.8,8.4,5012
2022-02-18T00:00+00:00,204,0,0,0,0.1,1,,0,-1,1.6,25000,13,6.9,3.8,5012
2022-02-19T00:00+00:00,204,0,0,0,0.2,1,,0,-1,3.7,30000,14,4.9,6.7,5012
2022-02-20T00:00+00:00,204,0,0,0,0,1,,0,-1,4.4,15000,11.6,2.4,5.9,5012
2022-02-21T00:00+00:00,204,0,0,0,2.1,1,,0,-1,2,15000,10.8,2.6,8.4,5012
2022-02-22T00:00+00:00,204,0,0,0,5.8,10,,0,-1,2.9,9000,6.8,1,5.9,5012
2022-02-23T00:00+00:00,204,0,0,0,0.4,1,,0,-1,4.8,12000,10.3,4.9,5.2,5012
2022-02-24T00:00+00:00,204,0,0,0,1,1,,0,-1,8.9,45000,10.4,-2.1,2.6,5012
2022-02-25T00:00+00:00,204,0,0,0,0,5,,0,-1,2.2,14000,9.3,2,5.9,5012
2022-02-26T00:00+00:00,204,0,0,0,0.2,5,,0,-1,0.2,10000,5.1,2,4.5,5012
2022-02-27T00:00+00:00,204,0,0,0,0,2,,1,-1,6.4,10000,6.2,0.2,2.1,5012
2022-02-28T00:00+00:00,204,0,0,0,-0.1,0,,0,-1,3.4,10000,4,-1.6,2.6,5012
2022-03-01T00:00+00:00,204,0,0,0,-0.1,0,,0,-1,10.6,45000,6,-4.8,3.8,5012
2022-03-02T00:00+00:00,204,0,0,0,-0.1,0,,0,-1,10,55000,8.3,-5.3,1.5,5012
2022-03-03T00:00+00:00,204,0,0,0,-0.1,0,,0,-1,9.2,65000,8.8,-3.2,3.2,5012
2022-03-04T00:00+00:00,204,0,0,0,-0.1,0,,0,-1,7.9,50000,5.3,-4.5,2.1,5012
2022-03-05T00:00+00:00,204,0,0,0,0,1,,0,-1,1.7,5000,4.5,-1,4.5,5012
2022-03-06T00:00+00:00,204,0,0,0,-0.1,0,,0,-1,7.1,15000,5.6,-1.9,3.2,5012
2022-03-07T00:00+00:00,204,0,0,0,0,2,,0,-1,4.3,6000,2.5,-1.5,2.1,5012
2022-03-08T00:00+00:00,204,0,0,0,-0.1,0,,0,-1,9.9,50000,7.9,-2.6,3.2,5012
2022-03-09T00:00+00:00,204,0,0,0,-0.1,0,,0,-1,10.8,55000,11.3,-3.6,2.1,5012
2022-03-10T00:00+00:00,204,0,0,0,-0.1,0,,0,-1,11,60000,10.9,-2.4,5.2,5012
2022-03-11T00:00+00:00,204,0,0,0,-0.1,0,,0,-1,11.1,45000,6.9,-3.6,10.2,5012
2022-03-12T00:00+00:00,204,0,0,0,-0.1,0,,0,-1,11.2,50000,11.4,-2.8,5.9,5012
2022-03-13T00:00+00:00,204,0,0,0,-0.1,0,,0,-1,11.3,50000,12.6,-4.1,4.5,5012
2022-03-14T00:00+00:00,204,0,0,0,-0.1,0,,0,-1,9.6,50000,15.6,-2.3,3.2,5012
2022-03-15T00:00+00:00,204,0,0,0,8.2,1,,0,-1,1.2,45000,12.2,1.1,1,5012
2022-03-16T00:00+00:00,204,0,0,0,-0.1,0,,0,-1,0.3,12000,10.8,6.2,3.2,5012
2022-03-17T00:00+00:00,204,0,0,0,-0.1,0,,0,-1,4.2,9000,12.1,2.3,5.9,5012
2022-03-18T00:00+00:00,204,0,0,0,-0.1,0,,0,-1,4.2,10000,11.7,0.5,4.5,5012
2022-03-19T00:00+00:00,204,0,0,0,-0.1,0,,0,-1,10.4,4000,10.2,-0.3,6.7,5012
2022-03-20T00:00+00:00,204,0,0,0,-0.1,0,,0,-1,9.9,55000,13.2,1.7,5.9,5012
2022-03-21T00:00+00:00,204,0,0,0,-0.1,0,,0,-1,11.5,15000,14.6,-1.9,3.8,5012
2022-03-22T00:00+00:00,204,0,0,0,-0.1,0,,0,-1,11.9,60000,18.5,-1.7,5.2,5012
2022-03-23T00:00+00:00,204,0,0,0,-0.1,0,,0,-1,12,60000,19.9,1.2,2.1,5012
2022-03-24T00:00+00:00,204,0,0,0,-0.1,0,,0,-1,11.9,60000,20.5,2.8,2.1,5012
2022-03-25T00:00+00:00,204,0,0,0,-0.1,0,,0,-1,11.4,60000,18.7,2.5,3.2,5012
2022-03-26T00:00+00:00,204,0,0,0,-0.1,0,,0,-1,11.5,8000,18.6,3.4,2.1,5012
2022-03-27T00:00+00:00,204,0,0,0,-0.1,0,,0,-1,11.7,60000,18.8,1.4,3.2,5012
2022-03-28T00:00+00:00,204,0,0,0,-0.1,0,,0,-1,11.8,18000,20.5,3.3,2.1,5012
2022-03-29T00:00+00:00,204,0,0,0,-0.1,0,,0,-1,6.7,40000,20,6.4,3.2,5012
2022-03-30T00:00+00:00,204,0,0,0,0,1,,0,-1,0.2,25000,15.5,6.4,1.5,5012
2022-03-31T00:00+00:00,204,0,0,0,8.3,1,,0,-1,0,3800,11.2,6,4.5,5012
2022-04-01T00:00+00:00,204,0,0,0,1.7,5,,0,-1,0,3800,6,2.7,3.2,5012
2022-04-02T00:00+00:00,204,0,0,0,6,5,,2,1,0,3200,3.2,-0.6,2.1,5012
2022-04-03T00:00+00:00,204,0,0,0,0.6,5,,3,8,0.1,1000,2.4,-0.6,3.2,5012
2022-04-04T00:00+00:00,204,0,0,0,0.3,1,,0,-1,10.1,12000,8.1,-2.3,5.2,5012
2022-04-05T00:00+00:00,204,0,0,0,5.5,1,,0,-1,0.6,30000,9.1,4.2,5.9,5012
2022-04-06T00:00+00:00,204,0,0,0,5,1,,0,-1,7.7,30000,17.6,8.4,2.6,5012
2022-04-07T00:00+00:00,204,0,0,0,11.7,1,,0,-1,6.5,25000,18.8,8.9,4.5,5012
2022-04-08T00:00+00:00,204,0,0,0,3.7,1,,0,-1,0.3,1800,13,6.5,3.8,5012
2022-04-09T00:00+00:00,204,0,0,0,1.5,1,,0,-1,2.3,8000,12.2,2.8,5.9,5012
2022-04-10T00:00+00:00,204,0,0,0,0.2,1,,0,-1,5,25000,8.1,2.2,5.2,5012
2022-04-11T00:00+00:00,204,0,0,0,-0.1,0,,0,-1,12.6,40000,13.4,-0.8,2.6,5012
2022-04-12T00:00+00:00,204,0,0,0,-0.1,0,,0,-1,12.2,60000,17.2,0.4,5.2,5012
2022-04-13T00:00+00:00,204,0,0,0,-0.1,0,,0,-1,12.3,60000,20.6,4.2,3.2,5012
2022-04-14T00:00+00:00,204,0,0,0,3.7,1,,0,-1,12.7,60000,23.7,6.5,2.1,5012
2022-04-15T00:00+00:00,204,0,1,0,2.7,7,,0,-1,5.1,6000,19.7,11,3.8,5012
2022-04-16T00:00+00:00,204,0,0,0,0.5,1,,0,-1,0,16000,13.7,5.7,2.6,5012
2022-04-17T00:00+00:00,204,0,0,0,-0.1,0,,0,-1,9.7,60000,12.4,1.5,2.6,5012
2022-04-18T00:00+00:00,204,0,0,0,0.1,1,,0,-1,5.7,60000,12.5,0.7,2.6,5012
2022-04-19T00:00+00:00,204,0,0,0,10.3,1,,0,-1,0,6000,10.3,3,3.2,5012
2022-04-20T00:00+00:00,204,1,0,0,-0.1,0,,0,-1,9.5,300,13.1,-0.4,2.1,5012
2022-04-21T00:00+00:00,204,0,0,0,-0.1,0,,0,-1,7.6,55000,15.9,2.5,4.5,5012
2022-04-22T00:00+00:00,204,0,0,0,1.6,1,,0,-1,0,35000,13,6.1,7.5,5012
2022-04-23T00:00+00:00,204,0,0,0,4.4,1,,0,-1,0.6,3000,12.1,7.1,8.4,5012
2022-04-24T00:00+00:00,204,0,1,0,21.2,7,,0,-1,4.3,1500,16.7,7.8,3.2,5012
2022-04-25T00:00+00:00,204,0,0,0,0.1,1,,0,-1,4.4,20000,15.3,8,2.6,5012
2022-04-26T00:00+00:00,204,1,0,0,20.6,1,,0,-1,0.8,6000,13.4,5.8,4.5,5012
2022-04-27T00:00+00:00,204,0,0,0,4.7,1,,0,-1,0.5,20000,11.7,5.7,2.1,5012
2022-04-28T00:00+00:00,204,0,0,0,-0.1,0,,0,-1,6.5,50000,17,4.9,1.5,5012
2022-04-29T00:00+00:00,204,0,0,0,-0.1,0,,0,-1,10.9,50000,18.4,3.9,2.6,5012
2022-04-30T00:00+00:00,204,0,0,0,0.2,1,,0,-1,9.6,15000,19.9,5.6,3.2,5012
2022-05-01T00:00+00:00,204,0,0,0,0,1,,0,-1,0,19000,14.2,9.4,2.1,5012
2022-05-02T00:00+00:00,204,0,1,0,0.8,1,,0,-1,5,10000,18.9,8.2,2.1,5012
2022-05-03T00:00+00:00,204,0,0,0,-0.1,0,,0,-1,12.8,60000,22,6.9,1.5,5012
2022-05-04T00:00+00:00,204,0,0,0,2,1,,0,-1,7.4,45000,21.2,10,3.2,5012
2022-05-05T00:00+00:00,204,0,0,0,-0.1,0,,0,-1,9.7,45000,21.5,10.1,1,5012
2022-05-06T00:00+00:00,204,0,0,0,2,1,,0,-1,0,45000,17.5,11.6,2.6,5012
2022-05-07T00:00+00:00,204,0,0,0,0.7,1,,0,-1,0,200,15.4,11.9,4.5,5012
2022-05-08T00:00+00:00,204,0,0,0,0,1,,0,-1,2.3,6000,17.8,11.9,3.8,5012
2022-05-09T00:00+00:00,204,0,0,0,-0.1,0,,0,-1,9.9,40000,22.1,11,5.9,5012
2022-05-10T00:00+00:00,204,0,0,0,-0.1,0,,0,-1,13.8,55000,24.8,10,1.5,5012
2022-05-11T00:00+00:00,204,0,0,0,-0.1,0,,0,-1,14,50000,28.2,11.1,3.2,5012
2022-05-12T00:00+00:00,204,0,0,0,3.4,1,,0,-1,9.7,60000,27.3,13.6,1.5,5012
2022-05-13T00:00+00:00,204,0,0,0,3,1,,0,-1,3.6,600,23.4,15.5,3.2,5012
2022-05-14T00:00+00:00,204,0,0,0,-0.1,0,,0,-1,13.8,20000,23.1,12,1,5012
2022-05-15T00:00+00:00,204,0,0,0,-0.1,0,,0,-1,14.2,60000,25.4,9.4,2.1,5012
2022-05-16T00:00+00:00,204,0,0,0,2.7,1,,0,-1,7.4,40000,25.1,12.3,2.1,5012
2022-05-17T00:00+00:00,204,0,0,0,1.3,1,,0,-1,6.1,17000,22.9,15.2,4.5,5012
2022-05-18T00:00+00:00,204,0,0,0,-0.1,0,,0,-1,14.2,30000,22,11.7,5.2,5012
2022-05-19T00:00+00:00,204,0,0,0,4,1,,0,-1,13.6,60000,27.6,8.9,2.1,5012
2022-05-20T00:00+00:00,204,0,1,0,8.2,1,,0,-1,13.2,45000,30.2,16.5,2.1,5012
2022-05-21T00:00+00:00,204,0,0,0,-0.1,0,,0,-1,8.6,13000,26.1,17.5,3.8,5012
2022-05-22T00:00+00:00,204,0,0,0,0.8,1,,0,-1,13.3,45000,23.1,12.4,2.1,5012
2022-05-23T00:00+00:00,204,1,0,0,2.9,1,,0,-1,5.4,12000,22.4,12.2,2.6,5012
2022-05-24T00:00+00:00,204,0,0,0,18.7,1,,0,-1,1.2,55000,21,14.4,3.2,5012
2022-05-25T00:00+00:00,204,0,0,0,9.3,1,,0,-1,0.4,6000,17.7,12.7,3.2,5012
2022-05-26T00:00+00:00,204,0,0,0,-0.1,0,,0,-1,8.9,40000,22.6,9.6,2.6,5012
2022-05-27T00:00+00:00,204,0,0,0,7.9,1,,0,-1,6.6,40000,24.6,13.1,3.8,5012
2022-05-28T00:00+00:00,204,0,0,0,-0.1,0,,0,-1,4.8,12000,18.7,10.8,3.2,5012
2022-05-29T00:00+00:00,204,0,0,0,1.2,1,,0,-1,0.6,40000,14.3,6.9,3.2,5012
2022-05-30T00:00+00:00,204,0,0,0,-0.1,0,,0,-1,9.1,15000,18.3,6.6,2.1,5012
2022-05-31T00:00+00:00,204,0,0,0,7.5,1,,0,-1,9.8,60000,24.6,6.7,2.1,5012
2022-06-01T00:00+00:00,204,0,0,0,4.2,1,,0,-1,9.5,60000,23.8,11.9,1.5,5012
2022-06-02T00:00+00:00,204,0,0,0,-0.1,0,,0,-1,9.8,45000,24.1,13.5,1.5,5012
2022-06-03T00:00+00:00,204,0,1,0,31.9,1,,0,-1,10.5,55000,27.1,13.8,4.5,5012
2022-06-04T00:00+00:00,204,0,0,0,-0.1,0,,0,-1,14.4,45000,28.4,15.7,2.1,5012
2022-06-05T00:00+00:00,204,0,1,0,38.5,1,,0,-1,10.1,12000,26,15.6,5.9,5012
2022-06-06T00:00+00:00,204,0,0,0,5.2,1,,0,-1,11,20000,25.3,15.1,2.1,5012
2022-06-07T00:00+00:00,204,0,0,0,13.3,1,,0,-1,0,5000,22.4,15.5,3.2,5012
2022-06-08T00:00+00:00,204,0,0,0,0.3,1,,0,-1,5.6,21000,22.6,13.9,2.1,5012
2022-06-09T00:00+00:00,204,0,0,0,16.1,1,,0,-1,0,4800,20.2,13.5,5.2,5012
2022-06-10T00:00+00:00,204,0,0,0,0.3,1,,0,-1,0.2,9000,20.1,12.6,5.2,5012
2022-06-11T00:00+00:00,204,0,0,0,-0.1,0,,0,-1,9.8,12000,25.6,14.3,2.6,5012
2022-06-12T00:00+00:00,204,0,0,0,1.5,1,,0,-1,13.4,40000,28,15.5,2.1,5012
2022-06-13T00:00+00:00,204,0,0,0,-0.1,0,,0,-1,8.1,20000,24.4,14.8,5.2,5012
2022-06-14T00:00+00:00,204,0,0,0,-0.1,0,,0,-1,13.7,45000,24,12.6,1.5,5012
2022-06-15T00:00+00:00,204,0,0,0,-0.1,0,,0,-1,15,55000,27.3,10.5,2.6,5012
2022-06-16T00:00+00:00,204,0,1,0,20.2,1,,0,-1,8.5,45000,27.6,14.5,1.5,5012
2022-06-17T00:00+00:00,204,0,0,0,-0.1,0,,0,-1,12.1,12000,26.1,15.7,2.6,5012
2022-06-18T00:00+00:00,204,0,0,0,-0.1,0,,0,-1,13.9,40000,29.6,14.1,2.1,5012
2022-06-19T00:00+00:00,204,0,0,0,-0.1,0,,0,-1,14.5,50000,34.4,14.7,1.5,5012
2022-06-20T00:00+00:00,204,0,1,0,3.2,1,,0,-1,6.2,40000,30.2,20,3.2,5012
2022-06-21T00:00+00:00,204,0,0,0,0.8,1,,0,-1,7.7,18000,25.4,16.2,1.5,5012
2022-06-22T00:00+00:00,204,0,0,0,1.8,1,,0,-1,2.5,45000,25,15.1,1.5,5012
2022-06-23T00:00+00:00,204,0,0,0,0.8,1,,0,-1,6.8,9000,26.9,18.1,4.5,5012
2022-06-24T00:00+00:00,204,0,1,0,19.9,1,,0,-1,3.5,45000,27.1,17.8,3.8,5012
2022-06-25T00:00+00:00,204,0,0,0,-0.1,0,,0,-1,5,25000,24.2,14.5,3.2,5012
2022-06-26T00:00+00:00,204,0,0,0,-0.1,0,,0,-1,15.5,90000,28.9,14.1,2.6,5012
2022-06-27T00:00+00:00,204,0,1,0,5.7,1,,0,-1,13.7,50000,32.2,17.3,3.2,5012
2022-06-28T00:00+00:00,204,0,1,0,21.2,1,,0,-1,1.9,60000,29.4,17.3,3.2,5012
2022-06-29T00:00+00:00,204,1,1,0,29.3,1,,0,-1,0.7,4000,22.4,16.5,2.1,5012
2022-06-30T00:00+00:00,204,1,1,0,1.8,1,,0,-1,10,4800,28.4,16.1,2.6,5012
2022-07-01T00:00+00:00,204,0,1,0,7,1,,0,-1,2.9,22000,25.9,14,5.2,5012
2022-07-02T00:00+00:00,204,0,0,0,-0.1,0,,0,-1,15.2,40000,24.1,11.6,3.2,5012
2022-07-03T00:00+00:00,204,0,0,0,1.7,1,,0,-1,14.3,45000,30.7,14.5,,5012
2022-07-04T00:00+00:00,204,0,0,0,20,1,,0,-1,4.7,6000,27.3,18,3.2,5012
2022-07-05T00:00+00:00,204,0,0,0,6.2,1,,0,-1,5.3,800,26,16.6,4.5,5012
2022-07-06T00:00+00:00,204,0,0,0,-0.1,0,,0,-1,12.8,40000,26.2,14,3.8,5012
2022-07-07T00:00+00:00,204,0,0,0,16.5,1,,0,-1,0.2,14000,22.6,15,3.8,5012
2022-07-08T00:00+00:00,204,0,0,0,-0.1,0,,0,-1,6.3,10000,19.8,13.1,5.2,5012
2022-07-09T00:00+00:00,204,0,0,0,2.1,1,,0,-1,3.3,15000,23.1,13.5,3.2,5012
2022-07-10T00:00+00:00,204,0,0,0,-0.1,0,,0,-1,5.4,20000,20.9,15.4,3.8,5012
2022-07-11T00:00+00:00,204,0,0,0,0,1,,0,-1,4.6,20000,20.4,12.5,3.8,5012
2022-07-12T00:00+00:00,204,0,0,0,-0.1,0,,0,-1,5,14000,24.4,14.4,2.6,5012
2022-07-13T00:00+00:00,204,0,0,0,-0.1,0,,0,-1,11.5,45000,29.5,13.3,2.1,5012
2022-07-14T00:00+00:00,204,0,0,0,11.4,1,,0,-1,12.3,45000,32.7,16.1,3.8,5012
2022-07-15T00:00+00:00,204,0,0,0,-0.1,0,,0,-1,8,20000,28.9,16.4,2.6,5012
2022-07-16T00:00+00:00,204,0,0,0,-0.1,0,,0,-1,12,12000,25.5,13.3,,5012
2022-07-17T00:00+00:00,204,0,0,0,-0.1,0,,0,-1,14.6,50000,26.5,11.5,,5012
2022-07-18T00:00+00:00,204,0,0,0,-0.1,0,,0,-1,13.1,40000,28.1,13,,5012
2022-07-19T00:00+00:00,204,0,0,0,-0.1,0,,0,-1,14.6,45000,31.2,15.2,3.8,5012
2022-07-20T00:00+00:00,204,0,0,0,-0.1,0,,0,-1,14,45000,33.7,16.2,2.1,5012
2022-07-21T00:00+00:00,204,0,1,0,2.8,1,,0,-1,8.3,30000,30.3,20.7,3.8,5012
2022-07-22T00:00+00:00,204,0,0,0,1,1,,0,-1,13.3,10000,31,18.1,1.5,5012
2022-07-23T00:00+00:00,204,0,0,0,1.1,1,,0,-1,5.4,35000,30,20.8,4.5,5012
2022-07-24T00:00+00:00,204,0,0,0,-0.1,0,,0,-1,13.9,12000,29.6,17.9,1.5,5012
2022-07-25T00:00+00:00,204,0,1,0,10.7,1,,0,-1,14.2,40000,34.8,16.9,1.5,5012
2022-07-26T00:00+00:00,204,0,1,0,0.1,1,,0,-1,1.4,45000,30.1,18.7,3.2,5012
2022-07-27T00:00+00:00,204,0,0,0,-0.1,0,,0,-1,5,45000,26.2,16.6,1.5,5012
2022-07-28T00:00+00:00,204,0,0,0,-0.1,0,,0,-1,13,10000,27.3,14.3,5.2,5012
2022-07-29T00:00+00:00,204,0,0,0,23.7,1,,0,-1,7.3,45000,28.4,18.8,2.1,5012
2022-07-30T00:00+00:00,204,0,1,0,11.5,1,,0,-1,4,10000,25.3,16.5,4.5,5012
2022-07-31T00:00+00:00,204,0,0,0,-0.1,0,,0,-1,7.3,30000,25.5,16.5,3.2,5012
2022-08-01T00:00+00:00,204,0,1,0,4.2,1,,0,-1,4.7,20000,27.9,19.3,5.9,5012
2022-08-02T00:00+00:00,204,0,0,0,1.1,1,,0,-1,7.7,22000,27.6,18.2,1.5,5012
2022-08-03T00:00+00:00,204,0,0,0,-0.1,0,,0,-1,14.2,60000,30.2,16.1,2.6,5012
2022-08-04T00:00+00:00,204,0,0,0,-0.1,0,,0,-1,14.3,50000,32.1,17,1.5,5012
2022-08-05T00:00+00:00,204,0,0,0,0,1,,0,-1,9.5,45000,33.2,18.7,1.5,5012
2022-08-06T00:00+00:00,204,0,0,0,1.4,1,,0,-1,0,15000,28.4,15.9,1.5,5012
2022-08-07T00:00+00:00,204,0,0,0,0.7,1,,0,-1,1.3,20000,20.8,15.9,4.5,5012
2022-08-08T00:00+00:00,204,0,0,0,-0.1,0,,0,-1,6.2,5000,23.3,15.6,3.2,5012
2022-08-09T00:00+00:00,204,0,0,0,-0.1,0,,0,-1,13.8,60000,26,12.8,2.6,5012
2022-08-10T00:00+00:00,204,0,0,0,-0.1,0,,0,-1,13.4,60000,25.8,12.6,3.8,5012
2022-08-11T00:00+00:00,204,0,0,0,-0.1,0,,0,-1,12.3,60000,26.5,13.5,4.5,5012
2022-08-12T00:00+00:00,204,0,0,0,-0.1,0,,0,-1,10.9,50000,24.2,12.1,4.5,5012
2022-08-13T00:00+00:00,204,0,0,0,-0.1,0,,0,-1,9.9,30000,26.7,12.9,2.1,5012
2022-08-14T00:00+00:00,204,0,0,0,-0.1,0,,0,-1,9.5,35000,27.5,15.8,3.2,5012
2022-08-15T00:00+00:00,204,0,0,0,-0.1,0,,0,-1,10.4,45000,28.9,15.8,3.2,5012
2022-08-16T00:00+00:00,204,0,0,0,-0.1,0,,0,-1,11.9,60000,29.4,18.1,2.1,5012
2022-08-17T00:00+00:00,204,0,0,0,-0.1,0,,0,-1,13.1,60000,32.4,15.1,2.1,5012
2022-08-18T00:00+00:00,204,0,1,0,0.6,1,,0,-1,8.8,60000,29.1,19.8,3.2,5012
2022-08-19T00:00+00:00,204,0,0,0,4.7,1,,0,-1,1.4,2200,25.9,17.8,2.1,5012
2022-08-20T00:00+00:00,204,0,0,0,11.1,1,,0,-1,0,6000,18.8,16,5.2,5012
2022-08-21T00:00+00:00,204,0,0,0,22.3,1,,0,-1,0.3,10000,21.2,16.2,3.2,5012
2022-08-22T00:00+00:00,204,0,0,0,1.3,1,,0,-1,0.2,8000,20.3,15.4,2.1,5012
2022-08-23T00:00+00:00,204,0,0,0,2.8,1,,0,-1,0,40000,18.1,14.6,2.1,5012
2022-08-24T00:00+00:00,204,0,0,0,-0.1,0,,0,-1,10.4,30000,25,15.6,2.1,5012
2022-08-25T00:00+00:00,204,0,0,0,-0.1,0,,0,-1,7.6,45000,25.2,15.4,3.2,5012
2022-08-26T00:00+00:00,204,0,0,0,2.5,1,,0,-1,5.8,45000,28.5,18.1,1.5,5012
2022-08-27T00:00+00:00,204,0,0,0,24.3,1,,0,-1,4.3,15000,25.4,17.3,2.1,5012
2022-08-28T00:00+00:00,204,0,0,0,7.4,1,,0,-1,0.1,100,22.7,17.4,3.8,5012
2022-08-29T00:00+00:00,204,0,0,0,-0.1,0,,0,-1,9.4,3000,25.5,16.4,1.5,5012
2022-08-30T00:00+00:00,204,0,0,0,-0.1,0,,0,-1,12.5,50000,26.2,14.2,2.6,5012
2022-08-31T00:00+00:00,204,0,0,0,21.9,1,,0,-1,0,40000,21.2,14.7,2.6,5012
2022-09-01T00:00+00:00,204,1,0,0,-0.1,0,,0,-1,3.9,100,20.3,12.4,1.5,5012
2022-09-02T00:00+00:00,204,0,0,0,-0.1,0,,0,-1,12.8,50000,21.3,10.8,4.5,5012
2022-09-03T00:00+00:00,204,0,0,0,14.1,1,,0,-1,9.6,45000,23.4,9.6,1,5012
2022-09-04T00:00+00:00,204,0,0,0,-0.1,0,,0,-1,8.3,35000,24.5,12,1.5,5012
2022-09-05T00:00+00:00,204,1,0,0,-0.1,0,,0,-1,7.6,300,24.4,11.9,2.6,5012
2022-09-06T00:00+00:00,204,1,0,0,-0.1,0,,0,-1,7.6,400,26.7,13.6,1,5012
2022-09-07T00:00+00:00,204,0,0,0,-0.1,0,,0,-1,9.2,40000,26.8,14.1,2.1,5012
2022-09-08T00:00+00:00,204,0,0,0,0.8,1,,0,-1,2.4,50000,22.6,15.7,4.5,5012
2022-09-09T00:00+00:00,204,0,0,0,1.1,1,,0,-1,0.3,45000,16.3,10.6,1,5012
2022-09-10T00:00+00:00,204,0,0,0,3.5,1,,0,-1,4.5,30000,18.7,10.8,3.2,5012
2022-09-11T00:00+00:00,204,0,0,0,15.8,1,,0,-1,1.2,18000,18.5,13.4,4.5,5012
2022-09-12T00:00+00:00,204,0,0,0,-0.1,0,,0,-1,9.6,20000,22.2,12.7,2.1,5012
2022-09-13T00:00+00:00,204,0,0,0,-0.1,0,,0,-1,7.7,55000,22.8,10.1,1,5012
2022-09-14T00:00+00:00,204,0,0,0,3.4,1,,0,-1,2.3,55000,26.8,14.8,3.2,5012
2022-09-15T00:00+00:00,204,0,0,0,10.2,1,,0,-1,0.7,45000,22.7,16.4,4.5,5012
2022-09-16T00:00+00:00,204,0,0,0,3,1,,0,-1,0.4,12000,17,11.5,2.6,5012
2022-09-17T00:00+00:00,204,0,0,0,4.6,1,,0,-1,0,12000,12.1,8.9,5.9,5012
2022-09-18T00:00+00:00,204,0,0,0,6.8,1,,0,-1,0,10000,11,7.8,6.7,5012
2022-09-19T00:00+00:00,204,0,0,0,4.8,1,,0,-1,1.3,10000,13.1,7,6.7,5012
2022-09-20T00:00+00:00,204,0,0,0,3.9,1,,0,-1,2.5,4500,13.4,8.5,3.8,5012
2022-09-21T00:00+00:00,204,0,0,0,-0.1,0,,0,-1,2.1,22000,13.9,7.2,1.5,5012
2022-09-22T00:00+00:00,204,0,0,0,-0.1,0,,0,-1,9.8,60000,16.1,4.8,2.6,5012
2022-09-23T00:00+00:00,204,1,0,0,-0.1,0,,0,-1,10.3,50,17.9,1.6,1,5012
2022-09-24T00:00+00:00,204,0,0,0,0.3,1,,0,-1,2.8,1900,17.3,6.5,1,5012
2022-09-25T00:00+00:00,204,1,0,0,9.5,1,,0,-1,0.6,600,16.8,10.9,1,5012
2022-09-26T00:00+00:00,204,0,0,0,2.2,1,,0,-1,3.9,7000,17.5,11.5,3.2,5012
2022-09-27T00:00+00:00,204,0,0,0,4,1,,0,-1,0.8,5000,13.5,9.6,5.9,5012
2022-09-28T00:00+00:00,204,0,0,0,2.9,1,,0,-1,2.9,55000,14.7,7,2.1,5012
2022-09-29T00:00+00:00,204,0,0,0,3.2,1,,0,-1,4.1,3500,14.6,7.1,2.6,5012
2022-09-30T00:00+00:00,204,0,0,0,-0.1,0,,0,-1,1.7,10000,14.7,9.3,2.1,5012
2022-10-01T00:00+00:00,204,0,0,0,6.7,1,,0,-1,0.2,18000,15.5,10.7,2.6,5012
2022-10-02T00:00+00:00,204,0,0,0,14,1,,0,-1,0,15000,13.1,11.6,4.5,5012
2022-10-03T00:00+00:00,204,0,0,0,0,1,,0,-1,0.7,15000,14.4,10.1,4.5,5012
2022-10-04T00:00+00:00,204,0,0,0,-0.1,0,,0,-1,9.1,45000,17.5,7.1,2.1,5012
2022-10-05T00:00+00:00,204,1,0,0,-0.1,0,,0,-1,6.5,300,17.3,4.6,1,5012
2022-10-06T00:00+00:00,204,0,0,0,-0.1,0,,0,-1,10,55000,21.5,8.1,2.6,5012
2022-10-07T00:00+00:00,204,1,0,0,-0.1,0,,0,-1,0,100,15.7,9.9,1.5,5012
2022-10-08T00:00+00:00,204,1,0,0,5.3,1,,0,-1,3,700,17.9,9,1,5012
2022-10-09T00:00+00:00,204,0,0,0,-0.1,0,,0,-1,8.3,20000,15.6,8.1,5.9,5012
2022-10-10T00:00+00:00,204,0,0,0,-0.1,0,,0,-1,9.6,30000,20.1,6.2,2.6,5012
2022-10-11T00:00+00:00,204,0,0,0,0.7,1,,0,-1,0.7,30000,18.3,10.8,1.5,5012
2022-10-12T00:00+00:00,204,0,0,0,-0.1,0,,0,-1,2.1,5000,15.2,10.1,1.5,5012
2022-10-13T00:00+00:00,204,0,0,0,3.9,1,,0,-1,1.4,5000,16,9.2,0.6,5012
2022-10-14T00:00+00:00,204,0,0,0,4.3,1,,0,-1,4.6,400,18.1,10,2.1,5012
2022-10-15T00:00+00:00,204,0,0,0,9.1,1,,0,-1,1.4,1300,19.2,11.1,2.6,5012
2022-10-16T00:00+00:00,204,0,0,0,-0.1,0,,0,-1,10.3,60000,22,9.4,2.6,5012
2022-10-17T00:00+00:00,204,1,0,0,-0.1,0,,0,-1,3.6,200,17.5,9.3,3.2,5012
2022-10-18T00:00+00:00,204,1,0,0,0,1,,0,-1,7.8,400,21.2,7,2.1,5012
2022-10-19T00:00+00:00,204,0,0,0,-0.1,0,,0,-1,3.5,4500,19.3,12.8,1.5,5012
2022-10-20T00:00+00:00,204,0,0,0,-0.1,0,,0,-1,8.2,7000,14.1,6.4,5.2,5012
2022-10-21T00:00+00:00,204,0,0,0,0.5,1,,0,-1,0,7000,12.4,7.1,2.1,5012
2022-10-22T00:00+00:00,204,0,0,0,2.8,1,,0,-1,0.7,3000,15.3,8.8,3.8,5012
2022-10-23T00:00+00:00,204,1,0,0,-0.1,0,,0,-1,4.4,200,16.3,5.4,1,5012
2022-10-24T00:00+00:00,204,0,0,0,4,1,,0,-1,0,20000,16.5,9.8,3.2,5012
2022-10-25T00:00+00:00,204,0,0,0,0.6,1,,0,-1,6.8,30000,18.9,9.7,3.2,5012
2022-10-26T00:00+00:00,204,0,0,0,0.1,1,,0,-1,0.4,1500,15,7.3,1,5012
2022-10-27T00:00+00:00,204,0,0,0,-0.1,0,,0,-1,9.6,50000,20.4,9.2,2.6,5012
2022-10-28T00:00+00:00,204,1,0,0,-0.1,0,,0,-1,3.2,60,15.7,7.1,1,5012
2022-10-29T00:00+00:00,204,1,0,0,-0.1,0,,0,-1,0.5,100,15.7,7.4,1.5,5012
2022-10-30T00:00+00:00,204,1,0,0,-0.1,0,,0,-1,7.5,100,18.1,7.5,1.5,5012
2022-10-31T00:00+00:00,204,1,0,0,-0.1,0,,0,-1,4.4,100,14.6,7.4,1.5,5012
2022-11-01T00:00+00:00,204,1,0,0,0,1,,0,-1,1.7,100,14.3,8.8,1,5012
2022-11-02T00:00+00:00,204,0,0,0,-0.1,0,,0,-1,1.7,30000,16.2,10.3,2.6,5012
2022-11-03T00:00+00:00,204,1,0,0,2.5,1,,0,-1,7.6,500,15.6,5.3,2.1,5012
2022-11-04T00:00+00:00,204,0,0,0,23.5,1,,0,-1,0,4800,11.2,4.1,6.7,5012
2022-11-05T00:00+00:00,204,0,0,0,-0.1,0,,0,-1,0.2,15000,10.1,6.1,3.8,5012
2022-11-06T00:00+00:00,204,1,0,0,0.9,1,,0,-1,2.9,1500,10.4,3.8,3.2,5012
2022-11-07T00:00+00:00,204,0,0,0,-0.1,0,,0,-1,6.1,30000,15.4,4.3,2.1,5012
2022-11-08T00:00+00:00,204,1,0,0,-0.1,0,,0,-1,7.7,55000,11.3,2.1,1,5012
2022-11-09T00:00+00:00,204,1,0,0,3.9,1,,0,-1,0,100,6.1,3.4,1.5,5012
2022-11-10T00:00+00:00,204,0,0,0,0.6,1,,0,-1,2,3500,11.7,4,2.6,5012
2022-11-11T00:00+00:00,204,1,0,0,-0.1,0,,0,-1,0.6,200,8.3,0.5,0.6,5012
2022-11-12T00:00+00:00,204,1,0,0,-0.1,0,,0,-1,6.4,500,8.2,0.4,0.6,5012
2022-11-13T00:00+00:00,204,1,0,0,-0.1,0,,0,-1,7.8,200,11.3,0.1,2.6,5012
2022-11-14T00:00+00:00,204,0,0,0,-0.1,0,,0,-1,7.6,20000,14.6,3.8,2.6,5012
2022-11-15T00:00+00:00,204,1,0,0,-0.1,0,,0,-1,0,100,11.3,2.5,2.6,5012
2022-11-16T00:00+00:00,204,0,0,0,4.9,1,,0,-1,0,3500,7,4.4,1.5,5012
2022-11-17T00:00+00:00,204,1,0,0,0.7,1,,0,-1,0.3,3800,8.5,5.5,2.1,5012
2022-11-18T00:00+00:00,204,0,0,0,15.6,1,,0,-1,0,25000,8.7,4,4.5,5012
2022-11-19T00:00+00:00,204,1,0,0,4.1,5,,0,-1,0,1000,7.1,-0.4,3.2,5012
2022-11-20T00:00+00:00,204,1,0,0,0.6,1,,0,-1,1.8,400,8.8,-0.3,4.5,5012
2022-11-21T00:00+00:00,204,0,0,0,0.2,1,,0,-1,1.4,30000,7.3,2.1,3.8,5012
2022-11-22T00:00+00:00,204,0,0,0,18.1,1,,0,-1,0,9000,2.9,-0.6,1.5,5012
2022-11-23T00:00+00:00,204,0,0,0,6.8,1,,0,-1,0,4500,5.6,1.8,2.1,5012
2022-11-24T00:00+00:00,204,0,0,0,1.2,1,,0,-1,0.1,20000,9.2,0.4,5.9,5012
2022-11-25T00:00+00:00,204,1,0,0,2.3,1,,0,-1,1.6,55000,6.2,0.3,1,5012
2022-11-26T00:00+00:00,204,0,0,0,4.5,1,,0,-1,0,3000,7.4,3,3.8,5012
2022-11-27T00:00+00:00,204,1,0,0,-0.1,0,,0,-1,0,700,5.8,1.4,1.5,5012
2022-11-28T00:00+00:00,204,0,0,0,0,1,,0,-1,0,2000,3.1,-0.7,1.5,5012
2022-11-29T00:00+00:00,204,0,0,0,0,1,,0,-1,0,4000,3.5,1.5,3.8,5012
2022-11-30T00:00+00:00,204,0,0,0,-0.1,0,,0,-1,0,8000,2.9,0.9,2.1,5012
2022-12-01T00:00+00:00,204,1,0,0,0.1,1,,0,-1,0,800,3.3,-0.3,4.5,5012
2022-12-02T00:00+00:00,204,1,0,0,0.1,2,,0,-1,0,400,1.6,-0.5,3.8,5012
2022-12-03T00:00+00:00,204,0,0,0,-0.1,0,,0,-1,0,2500,1.9,0,3.8,5012
2022-12-04T00:00+00:00,204,1,0,0,-0.1,0,,0,-1,1.4,400,6.9,-0.8,4.5,5012
2022-12-05T00:00+00:00,204,0,0,0,14.2,1,,0,-1,0,1000,4.3,2.4,1.5,5012
2022-12-06T00:00+00:00,204,0,0,0,0,2,,0,-1,0.3,9000,4.8,0.5,2.1,5012
2022-12-07T00:00+00:00,204,0,0,0,-0.1,0,,0,-1,0,9000,4.1,2.2,3.8,5012
2022-12-08T00:00+00:00,204,0,0,0,-0.1,0,,0,-1,6.9,40000,3.4,-1.3,2.6,5012
2022-12-09T00:00+00:00,204,0,0,0,3.7,5,,0,-1,0,5000,0.8,-2.8,2.1,5012
2022-12-10T00:00+00:00,204,0,0,0,7.6,5,,2,0,0,5000,1.1,0.2,1.5,5012
2022-12-11T00:00+00:00,204,0,0,0,0.4,2,,3,6,0.1,4100,0.6,-2.5,4.5,5012
2022-12-12T00:00+00:00,204,0,0,0,0,2,,3,1,2.1,8000,-1.8,-6.4,3.8,5012
2022-12-13T00:00+00:00,204,0,0,0,0,2,,3,-1,7.2,25000,-5.5,-12.8,0.6,5012
2022-12-14T00:00+00:00,204,0,0,0,2.4,5,,3,-1,0.1,10000,-1.4,-10.8,3.8,5012
2022-12-15T00:00+00:00,204,0,0,0,1,5,,3,1,0,4500,0.5,-1.5,3.8,5012
2022-12-16T00:00+00:00,204,0,0,0,7.1,5,,3,-1,0,4200,0.8,-0.7,1,5012
2022-12-17T00:00+00:00,204,0,0,0,0,2,,3,10,2.9,2000,-0.6,-5,2.1,5012
2022-12-18T00:00+00:00,204,1,0,0,-0.1,0,,3,0,0.5,100,-4.7,-8.8,2.1,5012
2022-12-19T00:00+00:00,204,0,0,0,-0.1,0,,3,-1,0.4,5000,-1.1,-6.7,2.6,5012
2022-12-20T00:00+00:00,204,0,0,0,-0.1,0,,3,-1,0,4100,-1.3,-3.6,2.6,5012
2022-12-21T00:00+00:00,204,0,0,0,0.1,1,,3,-1,0,2500,0.6,-2.7,1.5,5012
2022-12-22T00:00+00:00,204,0,0,0,7.7,1,,3,-1,0.4,6000,8.8,-0.4,3.2,5012
2022-12-23T00:00+00:00,204,0,0,0,19.9,1,,0,-1,0.3,6000,11.1,5,4.5,5012
2022-12-24T00:00+00:00,204,0,0,0,7.9,1,,0,-1,0.1,10000,12.9,8.1,3.2,5012
2022-12-25T00:00+00:00,204,0,0,0,-0.1,0,,0,-1,3.7,15000,9.1,4.3,1.5,5012
2022-12-26T00:00+00:00,204,0,0,0,4.5,1,,0,-1,3.1,40000,9.2,0.6,2.6,5012
2022-12-27T00:00+00:00,204,0,0,0,-0.1,0,,0,-1,5.5,12000,10.5,2.9,4.5,5012
2022-12-28T00:00+00:00,204,0,0,0,-0.1,0,,0,-1,4.7,12000,4.5,-1.6,2.1,5012
2022-12-29T00:00+00:00,204,0,0,0,0.2,1,,0,-1,2.5,20000,5.6,-1.6,1.5,5012
2022-12-30T00:00+00:00,204,0,0,0,1.1,1,,0,-1,6.3,25000,8.2,0.7,2.6,5012
2022-12-31T00:00+00:00,204,0,0,0,0.1,1,,0,-1,1,8000,11.7,3.6,1,5012
